{
  "num_masks": 3,
  "classes": [
    {
      "class_id": 7,
      "class_name": "Class_7",
      "pixel_area": 18412,
      "confidence": 0.662512481212616
    },
    {
      "class_id": 4,
      "class_name": "Class_4",
      "pixel_area": 12854,
      "confidence": 0.36287131905555725
    },
    {
      "class_id": 10,
      "class_name": "Class_10",
      "pixel_area": 64583,
      "confidence": 0.271241694688797
    }
  ]
}