{
  "num_masks": 4,
  "classes": [
    {
      "class_id": 7,
      "class_name": "Class_7",
      "pixel_area": 86018,
      "confidence": 0.6907376050949097
    },
    {
      "class_id": 3,
      "class_name": "Class_3",
      "pixel_area": 160783,
      "confidence": 0.6744997501373291
    },
    {
      "class_id": 7,
      "class_name": "Class_7",
      "pixel_area": 36438,
      "confidence": 0.520095944404602
    },
    {
      "class_id": 6,
      "class_name": "Class_6",
      "pixel_area": 4983,
      "confidence": 0.3574770390987396
    }
  ]
}