{
  "num_masks": 4,
  "classes": [
    {
      "class_id": 3,
      "class_name": "Class_3",
      "pixel_area": 163412,
      "confidence": 0.7237135171890259
    },
    {
      "class_id": 2,
      "class_name": "Class_2",
      "pixel_area": 7036,
      "confidence": 0.40855395793914795
    },
    {
      "class_id": 7,
      "class_name": "Class_7",
      "pixel_area": 22242,
      "confidence": 0.2625385522842407
    },
    {
      "class_id": 7,
      "class_name": "Class_7",
      "pixel_area": 124091,
      "confidence": 0.2588404715061188
    }
  ]
}