{
  "num_masks": 3,
  "classes": [
    {
      "class_id": 4,
      "class_name": "Class_4",
      "pixel_area": 21100,
      "confidence": 0.6783729791641235
    },
    {
      "class_id": 7,
      "class_name": "Class_7",
      "pixel_area": 149455,
      "confidence": 0.5636350512504578
    },
    {
      "class_id": 6,
      "class_name": "Class_6",
      "pixel_area": 6242,
      "confidence": 0.27234119176864624
    }
  ]
}