{
  "num_masks": 4,
  "classes": [
    {
      "class_id": 2,
      "class_name": "Class_2",
      "pixel_area": 17448,
      "confidence": 0.5761886835098267
    },
    {
      "class_id": 9,
      "class_name": "Class_9",
      "pixel_area": 2948,
      "confidence": 0.5438878536224365
    },
    {
      "class_id": 1,
      "class_name": "Class_1",
      "pixel_area": 187865,
      "confidence": 0.5055272579193115
    },
    {
      "class_id": 7,
      "class_name": "Class_7",
      "pixel_area": 22793,
      "confidence": 0.34199249744415283
    }
  ]
}