{
  "num_masks": 3,
  "classes": [
    {
      "class_id": 9,
      "class_name": "Class_9",
      "pixel_area": 2300,
      "confidence": 0.6709197759628296
    },
    {
      "class_id": 2,
      "class_name": "Class_2",
      "pixel_area": 10718,
      "confidence": 0.47408297657966614
    },
    {
      "class_id": 1,
      "class_name": "Class_1",
      "pixel_area": 191859,
      "confidence": 0.4527519941329956
    }
  ]
}