{
  "num_masks": 4,
  "classes": [
    {
      "class_id": 3,
      "class_name": "Class_3",
      "pixel_area": 133635,
      "confidence": 0.6723487377166748
    },
    {
      "class_id": 2,
      "class_name": "Class_2",
      "pixel_area": 7077,
      "confidence": 0.4530872106552124
    },
    {
      "class_id": 2,
      "class_name": "Class_2",
      "pixel_area": 123053,
      "confidence": 0.3017458915710449
    },
    {
      "class_id": 0,
      "class_name": "Class_0",
      "pixel_area": 126442,
      "confidence": 0.2616834342479706
    }
  ]
}