{
  "num_masks": 3,
  "classes": [
    {
      "class_id": 2,
      "class_name": "Class_2",
      "pixel_area": 10124,
      "confidence": 0.4415356516838074
    },
    {
      "class_id": 7,
      "class_name": "Class_7",
      "pixel_area": 145845,
      "confidence": 0.3215967118740082
    },
    {
      "class_id": 1,
      "class_name": "Class_1",
      "pixel_area": 25733,
      "confidence": 0.25203782320022583
    }
  ]
}