{
  "num_masks": 3,
  "classes": [
    {
      "class_id": 2,
      "class_name": "Class_2",
      "pixel_area": 133802,
      "confidence": 0.5734120011329651
    },
    {
      "class_id": 8,
      "class_name": "Class_8",
      "pixel_area": 23560,
      "confidence": 0.3943806290626526
    },
    {
      "class_id": 2,
      "class_name": "Class_2",
      "pixel_area": 17628,
      "confidence": 0.32811489701271057
    }
  ]
}